{"stats":{"minecraft:custom":{"minecraft:mob_kills":22,"minecraft:open_barrel":31,"minecraft:open_shulker_box":10,"minecraft:leave_game":4,"minecraft:time_since_death":146013,"minecraft:climb_one_cm":12834,"minecraft:time_since_rest":146013,"minecraft:sprint_one_cm":38347,"minecraft:damage_taken":20,"minecraft:walk_one_cm":403353,"minecraft:drop":16,"minecraft:minecart_one_cm":87586,"minecraft:fly_one_cm":983587,"minecraft:open_chest":47,"minecraft:crouch_one_cm":7183,"minecraft:play_time":146013,"minecraft:sneak_time":4819,"minecraft:walk_under_water_one_cm":18529,"minecraft:jump":501,"minecraft:walk_on_water_one_cm":3762,"minecraft:total_world_time":146013,"minecraft:fall_one_cm":472},"minecraft:picked_up":{"minecraft:leather_chestplate":1,"minecraft:leather_leggings":1,"minecraft:stone_slab":1,"minecraft:leather_boots":1,"tacz:ammo":75,"minecraft:oak_sign":2,"minecraft:wheat_seeds":1,"minecraft:powered_rail":2,"minecraft:leather_helmet":1,"minecraft:dark_oak_planks":3,"minecraft:yellow_carpet":1,"tacz:modern_kinetic_gun":1,"minecraft:polished_blackstone_button":2},"minecraft:used":{"minecraft:chiseled_polished_blackstone":15,"minecraft:end_rod":3,"minecraft:light_gray_stained_glass_pane":8,"minecraft:smooth_quartz_slab":94,"minecraft:powered_rail":21,"minecraft:gray_carpet":1,"minecraft:jungle_fence":9,"minecraft:oak_planks":19,"minecraft:ladder":10,"minecraft:oak_sign":8,"minecraft:light_gray_carpet":12,"minecraft:polished_basalt":11,"minecraft:stone":219,"minecraft:redstone_block":4,"minecraft:smooth_quartz_stairs":19,"minecraft:glow_item_frame":5,"minecraft:light_gray_shulker_box":2,"minecraft:diamond_block":7,"minecraft:sand":2,"minecraft:rail":5,"minecraft:light_blue_concrete":28,"minecraft:nether_bricks":14,"minecraft:stone_stairs":22,"minecraft:nether_brick_slab":155,"minecraft:acacia_button":1,"minecraft:gray_concrete":1,"minecraft:nether_brick_stairs":10,"minecraft:redstone_torch":6,"minecraft:glass":3,"minecraft:dark_oak_planks":4,"minecraft:lever":16,"minecraft:sea_lantern":8,"minecraft:bricks":2,"minecraft:villager_spawn_egg":1,"minecraft:gray_stained_glass_pane":30,"minecraft:quartz_slab":26,"minecraft:lantern":1,"minecraft:grass_block":6,"minecraft:barrier":22,"minecraft:stone_button":1,"minecraft:stone_slab":352,"minecraft:smooth_quartz":91,"minecraft:iron_door":6,"minecraft:gravel":10,"minecraft:barrel":27,"minecraft:stone_bricks":25,"minecraft:reinforced_deepslate":4,"minecraft:cobblestone":25,"minecraft:written_book":1,"minecraft:iron_trapdoor":13,"minecraft:andesite":22,"minecraft:minecart":40,"minecraft:glass_pane":87,"minecraft:smooth_stone_slab":150,"minecraft:polished_blackstone_button":2,"minecraft:coarse_dirt":4,"minecraft:smooth_stone":127},"minecraft:killed":{"minecraft:slime":19,"minecraft:creeper":1,"minecraft:horse":1,"tacz_npc:terrorist_scav_rifle":1},"minecraft:dropped":{"minecraft:wheat_seeds":1,"minecraft:stone_slab":1,"minecraft:leather_helmet":1,"minecraft:leather_chestplate":1,"minecraft:wooden_axe":1,"minecraft:leather_boots":1,"minecraft:leather_leggings":1,"tacz:ammo":9}},"DataVersion":3465}