{"stats":{"minecraft:picked_up":{"minecraft:oak_sign":6,"minecraft:wheat_seeds":4,"minecraft:iron_ingot":6,"minecraft:oak_button":5,"minecraft:rail":1},"minecraft:custom":{"minecraft:time_since_rest":92845,"minecraft:sprint_one_cm":96573,"minecraft:walk_one_cm":51632,"minecraft:mob_kills":11,"minecraft:fly_one_cm":2648961,"minecraft:player_kills":1,"minecraft:open_barrel":13,"minecraft:open_chest":16,"minecraft:crouch_one_cm":2522,"minecraft:play_time":92845,"minecraft:sneak_time":2478,"minecraft:jump":236,"minecraft:total_world_time":92845,"minecraft:leave_game":3,"minecraft:time_since_death":92845,"minecraft:walk_on_water_one_cm":38,"minecraft:climb_one_cm":1354,"minecraft:interact_with_smoker":1,"minecraft:fall_one_cm":476},"minecraft:used":{"minecraft:oak_log":3,"tacz_npc:usec_scav_pistol_spawn_egg":14,"minecraft:dark_oak_planks":3,"tacz_npc:terrorist_scav_rifle_spawn_egg":2,"minecraft:iron_bars":34,"minecraft:diamond_shovel":1,"minecraft:grass_block":14,"minecraft:gray_carpet":3,"minecraft:pig_spawn_egg":1,"minecraft:oak_planks":9,"minecraft:stone":15,"minecraft:gray_concrete_powder":2,"minecraft:mossy_stone_brick_slab":12,"minecraft:barrel":8,"minecraft:cracked_stone_bricks":27,"minecraft:oak_leaves":28,"minecraft:debug_stick":13,"minecraft:rail":2,"minecraft:cobblestone":16,"minecraft:oak_slab":11,"minecraft:cobblestone_wall":33,"tacz_npc:usec_scav_rifle_spawn_egg":16,"minecraft:andesite":20,"minecraft:mossy_cobblestone_wall":13,"minecraft:smooth_stone_slab":75,"minecraft:stripped_oak_log":1,"minecraft:white_concrete":22,"tacz_npc:terrorist_scav_spawn_egg":3,"gundurability:repair_table":1},"minecraft:killed":{"minecraft:sheep":3,"minecraft:horse":3,"tacz_npc:terrorist_scav":1,"minecraft:pig":1,"minecraft:bat":2,"minecraft:cow":1}},"DataVersion":3465}