{"stats":{"minecraft:killed_by":{"minecraft:player":1},"minecraft:custom":{"minecraft:time_since_rest":19958,"minecraft:sprint_one_cm":182356,"minecraft:damage_taken":240,"minecraft:walk_one_cm":252783,"minecraft:interact_with_anvil":1,"minecraft:mob_kills":5,"minecraft:drop":5,"minecraft:damage_dealt":40,"minecraft:interact_with_crafting_table":1,"minecraft:fly_one_cm":2594754,"minecraft:open_barrel":95,"minecraft:open_chest":64,"minecraft:crouch_one_cm":4212,"minecraft:play_time":179549,"minecraft:deaths":1,"minecraft:sneak_time":5081,"minecraft:jump":403,"minecraft:walk_on_water_one_cm":1653,"minecraft:leave_game":4,"minecraft:time_since_death":19891,"minecraft:climb_one_cm":920,"minecraft:total_world_time":185252,"minecraft:interact_with_smoker":3,"minecraft:fall_one_cm":756},"minecraft:picked_up":{"minecraft:wooden_axe":1,"minecraft:gunpowder":1,"minecraft:spruce_door":2,"tacz:ammo":2,"minecraft:slime_ball":5,"minecraft:smooth_stone":1,"minecraft:iron_ingot":4,"minecraft:oak_sapling":1,"minecraft:light_gray_carpet":1},"minecraft:used":{"tacz_npc:usec_scav_pistol_spawn_egg":1,"military_armor_mod:graymilitaryarmor_leggings":1,"minecraft:glass":18,"tacz_npc:terrorist_scav_rifle_spawn_egg":488,"titans_mre:mre_type_6":1,"minecraft:nether_brick_fence":43,"sophisticatedbackpacks:backpack":2,"minecraft:writable_book":1,"minecraft:sea_lantern":17,"minecraft:black_concrete":24,"minecraft:bricks":56,"timeclock:arrow":63,"minecraft:villager_spawn_egg":1,"minecraft:spruce_door":3,"minecraft:grass_block":14,"minecraft:red_concrete":26,"minecraft:oak_stairs":69,"minecraft:brick_stairs":13,"minecraft:oak_planks":145,"minecraft:oak_sign":2,"titans_mre:mre_type_5":1,"minecraft:chest":1,"titans_mre:mre_type_2":1,"titans_mre:mre_type_1":1,"minecraft:quartz_stairs":7,"minecraft:gravel":10,"minecraft:barrel":49,"minecraft:structure_block":3,"minecraft:stone_bricks":38,"minecraft:anvil":1,"minecraft:cobblestone":3,"minecraft:written_book":7,"minecraft:oak_slab":26,"minecraft:oak_sapling":83,"minecraft:oak_wood":7,"minecraft:polished_blackstone_button":3,"minecraft:white_concrete":115,"minecraft:black_bed":3,"gundurability:repair_table":1,"minecraft:bone_meal":848,"minecraft:smoker":3,"minecraft:smooth_stone":350},"minecraft:killed":{"tacz_npc:usec_scav_pistol":1,"minecraft:bat":1,"minecraft:slime":3},"minecraft:dropped":{"minecraft:wooden_axe":1,"minecraft:oak_sapling":1,"tacz:ammo":2,"minecraft:smooth_stone":1}},"DataVersion":3465}